
{
    "request": {
        
        "url": "/api/v1/investments/accounts/holdings/retrieve",
        
        "method": "POST",
        
        "bodyPatterns" : [ {
            "equalToJson" : { "accountNumber": "9003839721", "dataCenterLocation": 10, "productInstrument": "14" }
        } ],

        "headers": {

            "Accept": {
                "equalTo": "application/json"
            },
            "uuid": {
                "matches": "^[0-9]+$"
            },
            "Content-Type": {
                "equalTo": "application/json"
            },
            "ChannelId": {
                "matches": "^[0-9]+$"
            },
            "sid": {
                "matches": "^[0-9]+$"
            }
        }
    },

    "response": {
        "status": 200,
        "headers": {
            "uuid": "c7c5476c-eb6b-11e8-8eb2-f2801f1b9fd1",
            "Content-Type": "application/json",
            "timestamp": "35406546051"
        },
        "bodyFileName": "investment-funds-9003839721.json"
    }
}