{
	"info": {
		"name": "Multibalance-Wiremock",
		"_postman_id": "b75340b9-ac7d-4b70-953d-103465750528",
		"description": "",
		"schema": "https://schema.getpostman.com/json/collection/v2.1.0/collection.json"
	},
	"item": [
		{
			"name": "DataCenterLocation-15000101",
			"request": {
				"method": "POST",
				"header": [
					{
						"key": "Accept",
						"value": "application/json"
					},
					{
						"key": "uuid",
						"value": "1"
					},
					{
						"key": "Content-Type",
						"value": "application/json"
					},
					{
						"key": "ChannelId",
						"value": "1"
					},
					{
						"key": "sid",
						"value": "1"
					}
				],
				"body": {
					"mode": "raw",
					"raw": "{\n\t\"customerId\": \"15000101\"\n}"
				},
				"url": {
					"raw": "http://localhost:9999/api/v1/customers/datacenter-location",
					"protocol": "http",
					"host": [
						"localhost"
					],
					"port": "9999",
					"path": [
						"api",
						"v1",
						"customers",
						"datacenter-location"
					]
				},
				"description": "testComponent  "
			},
			"response": []
		},
		{
			"name": "AssociatedAccounts-Page1-15000101",
			"request": {
				"method": "POST",
				"header": [
					{
						"key": "Accept",
						"value": "application/json"
					},
					{
						"key": "uuid",
						"value": "1"
					},
					{
						"key": "Content-Type",
						"value": "application/json"
					},
					{
						"key": "ChannelId",
						"value": "1"
					},
					{
						"key": "sid",
						"value": "1"
					}
				],
				"body": {
					"mode": "raw",
					"raw": "{ \n\t\"customerId\": \"15000101\", \n\t\"dataCenterLocation\": 10,\n\t\"pageId\": 1\n}"
				},
				"url": {
					"raw": "http://localhost:9999/api/v1/accounts/associated/profile",
					"protocol": "http",
					"host": [
						"localhost"
					],
					"port": "9999",
					"path": [
						"api",
						"v1",
						"accounts",
						"associated",
						"profile"
					]
				},
				"description": "testComponent  "
			},
			"response": []
		},
		{
			"name": "AssociatedAccounts-Page2-15000101",
			"request": {
				"method": "POST",
				"header": [
					{
						"key": "Accept",
						"value": "application/json"
					},
					{
						"key": "uuid",
						"value": "1"
					},
					{
						"key": "Content-Type",
						"value": "application/json"
					},
					{
						"key": "ChannelId",
						"value": "1"
					},
					{
						"key": "sid",
						"value": "1"
					}
				],
				"body": {
					"mode": "raw",
					"raw": "{ \n\t\"customerId\": \"15000101\", \n\t\"dataCenterLocation\": 10,\n\t\"pageId\": 2\n}"
				},
				"url": {
					"raw": "http://localhost:9999/api/v1/accounts/associated/profile",
					"protocol": "http",
					"host": [
						"localhost"
					],
					"port": "9999",
					"path": [
						"api",
						"v1",
						"accounts",
						"associated",
						"profile"
					]
				},
				"description": "testComponent  "
			},
			"response": []
		},
		{
			"name": "afore_15000101_1795930120",
			"request": {
				"method": "POST",
				"header": [
					{
						"key": "Accept",
						"value": "application/json"
					},
					{
						"key": "uuid",
						"value": "1"
					},
					{
						"key": "Content-Type",
						"value": "application/json"
					},
					{
						"key": "ChannelId",
						"value": "1"
					},
					{
						"key": "sid",
						"value": "1"
					}
				],
				"body": {
					"mode": "raw",
					"raw": "{\r\n  \"accountNumber\": \"1795930120\",\r\n  \"dataCenterLocation\": 10\r\n}\r\n\r\n"
				},
				"url": {
					"raw": "http://localhost:9999/api/v1/investments/accounts/retirement/balance/retrieve",
					"protocol": "http",
					"host": [
						"localhost"
					],
					"port": "9999",
					"path": [
						"api",
						"v1",
						"investments",
						"accounts",
						"retirement",
						"balance",
						"retrieve"
					]
				},
				"description": "testComponent  "
			},
			"response": []
		},
		{
			"name": "checking_15000101_7734235",
			"request": {
				"method": "POST",
				"header": [
					{
						"key": "Accept",
						"value": "application/json"
					},
					{
						"key": "uuid",
						"value": "1"
					},
					{
						"key": "Content-Type",
						"value": "application/json"
					},
					{
						"key": "ChannelId",
						"value": "1"
					},
					{
						"key": "sid",
						"value": "1"
					}
				],
				"body": {
					"mode": "raw",
					"raw": "{\r\n  \"accountNumber\": \"7734235\",\r\n  \"branchId\": \"100\",\r\n  \"dataCenterLocation\": 10\r\n}"
				},
				"url": {
					"raw": "http://localhost:9999/api/v1/accounts/checking/balance",
					"protocol": "http",
					"host": [
						"localhost"
					],
					"port": "9999",
					"path": [
						"api",
						"v1",
						"accounts",
						"checking",
						"balance"
					]
				},
				"description": "testComponent  "
			},
			"response": []
		},
		{
			"name": "master_15000101_51440796",
			"request": {
				"method": "POST",
				"header": [
					{
						"key": "Accept",
						"value": "application/json"
					},
					{
						"key": "uuid",
						"value": "1"
					},
					{
						"key": "Content-Type",
						"value": "application/json"
					},
					{
						"key": "ChannelId",
						"value": "1"
					},
					{
						"key": "sid",
						"value": "1"
					}
				],
				"body": {
					"mode": "raw",
					"raw": "{\r\n  \"account\": {\r\n    \"accountNumber\": \"51440796\",\r\n    \"branchCode\": \"347\"\r\n  },\r\n  \"dataCenterLocation\": 10\r\n}"
				},
				"url": {
					"raw": "http://localhost:9999/api/v1/accounts/master/balance",
					"protocol": "http",
					"host": [
						"localhost"
					],
					"port": "9999",
					"path": [
						"api",
						"v1",
						"accounts",
						"master",
						"balance"
					]
				},
				"description": "testComponent  "
			},
			"response": []
		},
		{
			"name": "master_15000101_1265590",
			"request": {
				"method": "POST",
				"header": [
					{
						"key": "Accept",
						"value": "application/json"
					},
					{
						"key": "uuid",
						"value": "1"
					},
					{
						"key": "Content-Type",
						"value": "application/json"
					},
					{
						"key": "ChannelId",
						"value": "1"
					},
					{
						"key": "sid",
						"value": "1"
					}
				],
				"body": {
					"mode": "raw",
					"raw": "{\r\n  \"account\": {\r\n    \"accountNumber\": \"1265590\",\r\n    \"branchCode\": \"105\"\r\n  },\r\n  \"dataCenterLocation\": 10\r\n}"
				},
				"url": {
					"raw": "http://localhost:9999/api/v1/accounts/master/balance",
					"protocol": "http",
					"host": [
						"localhost"
					],
					"port": "9999",
					"path": [
						"api",
						"v1",
						"accounts",
						"master",
						"balance"
					]
				},
				"description": "testComponent  "
			},
			"response": []
		},
		{
			"name": "Loan_15000101_3323852024",
			"request": {
				"method": "POST",
				"header": [
					{
						"key": "Accept",
						"value": "application/json"
					},
					{
						"key": "uuid",
						"value": "1"
					},
					{
						"key": "Content-Type",
						"value": "application/json"
					},
					{
						"key": "ChannelId",
						"value": "1"
					},
					{
						"key": "sid",
						"value": "1"
					}
				],
				"body": {
					"mode": "raw",
					"raw": "{\r\n  \"account\": {\r\n   \"accountNumber\": \"3323852024\"\r\n  },\r\n  \"dataCenterLocation\": 10\r\n}"
				},
				"url": {
					"raw": "http://localhost:9999/api/v1/loans/payments/retrieve",
					"protocol": "http",
					"host": [
						"localhost"
					],
					"port": "9999",
					"path": [
						"api",
						"v1",
						"loans",
						"payments",
						"retrieve"
					]
				},
				"description": "testComponent  "
			},
			"response": []
		},
		{
			"name": "Investment-Funds-15000101_9044751393",
			"request": {
				"method": "POST",
				"header": [
					{
						"key": "Accept",
						"value": "application/json"
					},
					{
						"key": "uuid",
						"value": "1"
					},
					{
						"key": "Content-Type",
						"value": "application/json"
					},
					{
						"key": "ChannelId",
						"value": "1"
					},
					{
						"key": "sid",
						"value": "1"
					}
				],
				"body": {
					"mode": "raw",
					"raw": "{\r\n  \"accountNumber\": \"9044751393\",\r\n  \"dataCenterLocation\": 10,\r\n  \"productInstrument\": \"19\"\r\n}"
				},
				"url": {
					"raw": "http://localhost:9999/api/v1/investments/accounts/holdings/retrieve",
					"protocol": "http",
					"host": [
						"localhost"
					],
					"port": "9999",
					"path": [
						"api",
						"v1",
						"investments",
						"accounts",
						"holdings",
						"retrieve"
					]
				},
				"description": "testComponent  "
			},
			"response": []
		},
		{
			"name": "Multibalance",
			"event": [
				{
					"listen": "test",
					"script": {
						"id": "f3a11abc-39a8-4c99-8985-9d80ae680aff",
						"type": "text/javascript",
						"exec": [
							"pm.test(\"Status code is 200\", function () {",
							"    pm.response.to.have.status(200);",
							"});"
						]
					}
				}
			],
			"request": {
				"method": "POST",
				"header": [
					{
						"key": "Accept",
						"value": "application/json"
					},
					{
						"key": "uuid",
						"value": "1"
					},
					{
						"key": "Content-Type",
						"value": "application/json"
					},
					{
						"key": "ChannelId",
						"value": "1"
					},
					{
						"key": "sid",
						"value": "1"
					},
					{
						"key": "client_id",
						"value": "1"
					},
					{
						"key": "Authorization",
						"value": "1"
					}
				],
				"body": {
					"mode": "raw",
					"raw": "{\r\n  \"accounts\": [\r\n    \"1795930120\", \r\n    \"7734235\",\r\n    \"9044751393\",\r\n    \"1265590\",\r\n    \"51440796\",\r\n    \"9003839721\",\r\n    \"3323852024\"\r\n  ],\r\n  \"customerId\": \"15000101\"\r\n}"
				},
				"url": {
					"raw": "http://localhost:8080/api/v1/accounts/balances",
					"protocol": "http",
					"host": [
						"localhost"
					],
					"port": "8080",
					"path": [
						"api",
						"v1",
						"accounts",
						"balances"
					]
				},
				"description": "testComponent  "
			},
			"response": []
		}
	]
}